channel,lane,guest,company,url
linkedin,launch_video,Tomer Cohen,LinkedIn,https://productdecision.palasharma.com/challenge/linkedin-feed-purpose?utm_source=linkedin&utm_medium=organic_video&utm_campaign=alpha_launch_w1&utm_content=linkedin_launch_video
linkedin,launch_app,Product Decision League,Product Decision League,https://productdecision.palasharma.com/?utm_source=linkedin&utm_medium=organic_video&utm_campaign=alpha_launch_w1&utm_content=linkedin_launch_app
linkedin,strategy,Tomer Cohen,LinkedIn,https://productdecision.palasharma.com/challenge/linkedin-feed-purpose?utm_source=linkedin&utm_medium=organic_social&utm_campaign=alpha_launch_w1&utm_content=linkedin_strategy
linkedin,prioritization,Matt MacInnis,Rippling,https://productdecision.palasharma.com/challenge/rippling-understaffed-focus?utm_source=linkedin&utm_medium=organic_social&utm_campaign=alpha_launch_w1&utm_content=linkedin_prioritization
linkedin,growth,Elena Verna,Lovable,https://productdecision.palasharma.com/challenge/lovable-growth-reinvention?utm_source=linkedin&utm_medium=organic_social&utm_campaign=alpha_launch_w1&utm_content=linkedin_growth
x,strategy,Tomer Cohen,LinkedIn,https://productdecision.palasharma.com/challenge/linkedin-feed-purpose?utm_source=x&utm_medium=organic_social&utm_campaign=alpha_launch_w1&utm_content=x_strategy
x,prioritization,Matt MacInnis,Rippling,https://productdecision.palasharma.com/challenge/rippling-understaffed-focus?utm_source=x&utm_medium=organic_social&utm_campaign=alpha_launch_w1&utm_content=x_prioritization
x,growth,Elena Verna,Lovable,https://productdecision.palasharma.com/challenge/lovable-growth-reinvention?utm_source=x&utm_medium=organic_social&utm_campaign=alpha_launch_w1&utm_content=x_growth
reddit,strategy,Tomer Cohen,LinkedIn,https://productdecision.palasharma.com/challenge/linkedin-feed-purpose?utm_source=reddit&utm_medium=community_post&utm_campaign=alpha_launch_w1&utm_content=sideproject_strategy
reddit,prioritization,Matt MacInnis,Rippling,https://productdecision.palasharma.com/challenge/rippling-understaffed-focus?utm_source=reddit&utm_medium=community_post&utm_campaign=alpha_launch_w1&utm_content=sideproject_prioritization
reddit,growth,Elena Verna,Lovable,https://productdecision.palasharma.com/challenge/lovable-growth-reinvention?utm_source=reddit&utm_medium=community_post&utm_campaign=alpha_launch_w1&utm_content=sideproject_growth
